CREATE DATABASE  IF NOT EXISTS `liga_awe` /*!40100 DEFAULT CHARACTER SET utf8mb4 COLLATE utf8mb4_0900_ai_ci */ /*!80016 DEFAULT ENCRYPTION='N' */;
USE `liga_awe`;
-- MySQL dump 10.13  Distrib 8.0.22, for Linux (x86_64)
--
-- Host: localhost    Database: liga_awe
-- ------------------------------------------------------
-- Server version	8.0.22-0ubuntu0.20.04.2

/*!40101 SET @OLD_CHARACTER_SET_CLIENT=@@CHARACTER_SET_CLIENT */;
/*!40101 SET @OLD_CHARACTER_SET_RESULTS=@@CHARACTER_SET_RESULTS */;
/*!40101 SET @OLD_COLLATION_CONNECTION=@@COLLATION_CONNECTION */;
/*!50503 SET NAMES utf8 */;
/*!40103 SET @OLD_TIME_ZONE=@@TIME_ZONE */;
/*!40103 SET TIME_ZONE='+00:00' */;
/*!40014 SET @OLD_UNIQUE_CHECKS=@@UNIQUE_CHECKS, UNIQUE_CHECKS=0 */;
/*!40014 SET @OLD_FOREIGN_KEY_CHECKS=@@FOREIGN_KEY_CHECKS, FOREIGN_KEY_CHECKS=0 */;
/*!40101 SET @OLD_SQL_MODE=@@SQL_MODE, SQL_MODE='NO_AUTO_VALUE_ON_ZERO' */;
/*!40111 SET @OLD_SQL_NOTES=@@SQL_NOTES, SQL_NOTES=0 */;

--
-- Table structure for table `clubs`
--

DROP TABLE IF EXISTS `clubs`;
/*!40101 SET @saved_cs_client     = @@character_set_client */;
/*!50503 SET character_set_client = utf8mb4 */;
CREATE TABLE `clubs` (
  `id` int NOT NULL AUTO_INCREMENT,
  `id_cartola` int NOT NULL,
  `name` varchar(255) NOT NULL,
  `abbreviation` char(3) NOT NULL,
  `shield` varchar(255) NOT NULL,
  PRIMARY KEY (`id`),
  UNIQUE KEY `id_cartola_UNIQUE` (`id_cartola`)
) ENGINE=InnoDB AUTO_INCREMENT=269 DEFAULT CHARSET=utf8mb4 COLLATE=utf8mb4_0900_ai_ci;
/*!40101 SET character_set_client = @saved_cs_client */;

--
-- Dumping data for table `clubs`
--

LOCK TABLES `clubs` WRITE;
/*!40000 ALTER TABLE `clubs` DISABLE KEYS */;
INSERT INTO `clubs` VALUES (202,1,'Outros','OUT','https://s.glbimg.com/es/sde/f/organizacoes/escudo_default_65x65.png'),(203,1349,'Ipatinga','IPA','https://s.glbimg.com/es/sde/f/organizacoes/escudo_default_65x65.png'),(204,1371,'Cuiabá','CUI','https://s.glbimg.com/es/sde/f/organizacoes/escudo_default_65x65.png'),(205,1390,'Icasa','ICA','https://s.glbimg.com/es/sde/f/organizacoes/escudo_default_65x65.png'),(206,2190,'Oeste','OES','https://s.glbimg.com/es/sde/f/organizacoes/escudo_default_65x65.png'),(207,2193,'Duque de Caxias','DUQ','https://s.glbimg.com/es/sde/f/organizacoes/escudo_default_65x65.png'),(208,2197,'Americana','AME','https://s.glbimg.com/es/sde/f/organizacoes/escudo_default_65x65.png'),(209,2554,'Grêmio Prudente','PRU','https://s.glbimg.com/es/sde/f/organizacoes/escudo_default_65x65.png'),(210,2565,'Luverdense','LUV','https://s.glbimg.com/es/sde/f/organizacoes/escudo_default_65x65.png'),(211,262,'Flamengo','FLA','https://s.glbimg.com/es/sde/f/organizacoes/2018/04/09/Flamengo-65.png'),(212,263,'Botafogo','BOT','https://s.glbimg.com/es/sde/f/organizacoes/2019/02/04/botafogo-65.png'),(213,264,'Corinthians','COR','https://s.glbimg.com/es/sde/f/organizacoes/2019/09/30/Corinthians_65.png'),(214,265,'Bahia','BAH','https://s.glbimg.com/es/sde/f/organizacoes/2014/04/14/bahia_60x60.png'),(215,266,'Fluminense','FLU','https://s.glbimg.com/es/sde/f/organizacoes/2014/04/14/fluminense_60x60.png'),(216,267,'Vasco','VAS','https://s.glbimg.com/es/sde/f/organizacoes/2016/07/29/Vasco-65.png'),(217,275,'Palmeiras','PAL','https://s.glbimg.com/es/sde/f/organizacoes/2014/04/14/palmeiras_60x60.png'),(218,276,'São Paulo','SAO','https://s.glbimg.com/es/sde/f/organizacoes/2014/04/14/sao_paulo_60x60.png'),(219,277,'Santos','SAN','https://s.glbimg.com/es/sde/f/organizacoes/2014/04/14/santos_60x60.png'),(220,278,'Portuguesa','POR','https://s.glbimg.com/es/sde/f/organizacoes/escudo_default_65x65.png'),(221,279,'Guarani','GUA','https://s.glbimg.com/es/sde/f/organizacoes/escudo_default_65x65.png'),(222,280,'Bragantino','BGT','https://s.glbimg.com/es/sde/f/organizacoes/2020/01/01/65.png'),(223,282,'Atlético-MG','ATL','https://s.glbimg.com/es/sde/f/organizacoes/2017/11/23/Atletico-Mineiro-escudo65px.png'),(224,283,'Cruzeiro','CRU','https://s.glbimg.com/es/sde/f/organizacoes/escudo_default_65x65.png'),(225,284,'Grêmio','GRE','https://s.glbimg.com/es/sde/f/organizacoes/2014/04/14/gremio_60x60.png'),(226,285,'Internacional','INT','https://s.glbimg.com/es/sde/f/organizacoes/2016/05/03/inter65.png'),(227,286,'Juventude','JUV','https://s.glbimg.com/es/sde/f/organizacoes/escudo_default_65x65.png'),(228,287,'Vitória','VIT','https://s.glbimg.com/es/sde/f/organizacoes/escudo_default_65x65.png'),(229,288,'Criciúma','CRI','https://s.glbimg.com/es/sde/f/organizacoes/escudo_default_65x65.png'),(230,289,'Paraná','PAR','https://s.glbimg.com/es/sde/f/organizacoes/escudo_default_65x65.png'),(231,290,'Goiás','GOI','https://s.glbimg.com/es/sde/f/organizacoes/2019/05/01/Goias_65px.png'),(232,291,'Paysandu','PAY','https://s.glbimg.com/es/sde/f/organizacoes/escudo_default_65x65.png'),(233,292,'Sport','SPO','https://s.glbimg.com/es/sde/f/organizacoes/2015/07/21/sport65.png'),(234,293,'Athlético-PR','CAP','https://s.glbimg.com/es/sde/f/organizacoes/2019/09/09/Athletico-PR-65x65.png'),(235,294,'Coritiba','CFC','https://s.glbimg.com/es/sde/f/organizacoes/2017/03/29/coritiba65.png'),(236,296,'Botafogo-SP','BOT','https://s.glbimg.com/es/sde/f/organizacoes/escudo_default_65x65.png'),(237,303,'Ponte Preta','PON','https://s.glbimg.com/es/sde/f/organizacoes/escudo_default_65x65.png'),(238,3057,'Boa Esporte','BEC','https://s.glbimg.com/es/sde/f/organizacoes/escudo_default_65x65.png'),(239,306,'Santo André','SAN','https://s.glbimg.com/es/sde/f/organizacoes/escudo_default_65x65.png'),(240,307,'São Bento','SBE','https://s.glbimg.com/es/sde/f/organizacoes/escudo_default_65x65.png'),(241,309,'Brasil de Pelotas','BRA','https://s.glbimg.com/es/sde/f/organizacoes/escudo_default_65x65.png'),(242,314,'Avaí','AVA','https://s.glbimg.com/es/sde/f/organizacoes/escudo_default_65x65.png'),(243,315,'Chapecoense','CHA','https://s.glbimg.com/es/sde/f/organizacoes/escudo_default_65x65.png'),(244,316,'Figueirense','FIG','https://s.glbimg.com/es/sde/f/organizacoes/escudo_default_65x65.png'),(245,317,'Joinville','JEC','https://s.glbimg.com/es/sde/f/organizacoes/escudo_default_65x65.png'),(246,319,'Londrina','LON','https://s.glbimg.com/es/sde/f/organizacoes/escudo_default_65x65.png'),(247,321,'Operário-PR','OPE','https://s.glbimg.com/es/sde/f/organizacoes/escudo_default_65x65.png'),(248,327,'América-MG','AME','https://s.glbimg.com/es/sde/f/organizacoes/escudo_default_65x65.png'),(249,337,'Confiança','CON','https://s.glbimg.com/es/sde/f/organizacoes/escudo_default_65x65.png'),(250,340,'CRB','CRB','https://s.glbimg.com/es/sde/f/organizacoes/escudo_default_65x65.png'),(251,341,'CSA','CSA','https://s.glbimg.com/es/sde/f/organizacoes/escudo_default_65x65.png'),(252,342,'ASA Arapiraca','ASA','https://s.glbimg.com/es/sde/f/organizacoes/escudo_default_65x65.png'),(253,343,'Náutico','NAU','https://s.glbimg.com/es/sde/f/organizacoes/escudo_default_65x65.png'),(254,344,'Santa Cruz','STC','https://s.glbimg.com/es/sde/f/organizacoes/escudo_default_65x65.png'),(255,346,'Treze','TRZ','https://s.glbimg.com/es/sde/f/organizacoes/escudo_default_65x65.png'),(256,347,'Botafogo-PB','BOT','https://s.glbimg.com/es/sde/f/organizacoes/escudo_default_65x65.png'),(257,349,'Campinense','CAM','https://s.glbimg.com/es/sde/f/organizacoes/escudo_default_65x65.png'),(258,350,'ABC','ABC','https://s.glbimg.com/es/sde/f/organizacoes/escudo_default_65x65.png'),(259,351,'América-RN','AME','https://s.glbimg.com/es/sde/f/organizacoes/escudo_default_65x65.png'),(260,354,'Ceará','CEA','https://s.glbimg.com/es/sde/f/organizacoes/2019/10/10/ceara-65x65.png'),(261,356,'Fortaleza','FOR','https://s.glbimg.com/es/sde/f/organizacoes/2018/06/10/fortaleza-ec-65px.png'),(262,362,'Moto Club','MOT','https://s.glbimg.com/es/sde/f/organizacoes/escudo_default_65x65.png'),(263,363,'Sampaio Corrêa','SAM','https://s.glbimg.com/es/sde/f/organizacoes/escudo_default_65x65.png'),(264,364,'Remo','REM','https://s.glbimg.com/es/sde/f/organizacoes/escudo_default_65x65.png'),(265,373,'Atlético-GO','ACG','https://s.glbimg.com/es/sde/f/organizacoes/2020/07/02/atletico-go-2020-65.png'),(266,375,'Vila Nova','VIL','https://s.glbimg.com/es/sde/f/organizacoes/escudo_default_65x65.png'),(267,386,'São Caetano','SAO','https://s.glbimg.com/es/sde/f/organizacoes/escudo_default_65x65.png'),(268,388,'Brasiliense','BRA','https://s.glbimg.com/es/sde/f/organizacoes/escudo_default_65x65.png');
/*!40000 ALTER TABLE `clubs` ENABLE KEYS */;
UNLOCK TABLES;

--
-- Table structure for table `lineups`
--

DROP TABLE IF EXISTS `lineups`;
/*!40101 SET @saved_cs_client     = @@character_set_client */;
/*!50503 SET character_set_client = utf8mb4 */;
CREATE TABLE `lineups` (
  `id` int NOT NULL AUTO_INCREMENT,
  `id_round` int NOT NULL,
  `id_member` int NOT NULL,
  `id_athlete` int NOT NULL,
  `fl_captain` tinyint(1) NOT NULL,
  `id_position` int NOT NULL,
  `id_club` int NOT NULL,
  `price` decimal(4,2) NOT NULL,
  `points` decimal(4,2) NOT NULL,
  `variation` decimal(4,2) NOT NULL,
  PRIMARY KEY (`id`),
  KEY `fk_id_club_idx` (`id_club`),
  KEY `fk_id_position_idx` (`id_position`),
  CONSTRAINT `fk_id_club` FOREIGN KEY (`id_club`) REFERENCES `clubs` (`id_cartola`),
  CONSTRAINT `fk_id_position` FOREIGN KEY (`id_position`) REFERENCES `positions` (`id`)
) ENGINE=InnoDB AUTO_INCREMENT=15220 DEFAULT CHARSET=utf8mb4 COLLATE=utf8mb4_0900_ai_ci;
/*!40101 SET character_set_client = @saved_cs_client */;

--
-- Dumping data for table `lineups`
--

LOCK TABLES `lineups` WRITE;
/*!40000 ALTER TABLE `lineups` DISABLE KEYS */;
/*!40000 ALTER TABLE `lineups` ENABLE KEYS */;
UNLOCK TABLES;

--
-- Table structure for table `members`
--

DROP TABLE IF EXISTS `members`;
/*!40101 SET @saved_cs_client     = @@character_set_client */;
/*!50503 SET character_set_client = utf8mb4 */;
CREATE TABLE `members` (
  `id` int NOT NULL AUTO_INCREMENT,
  `id_cartola` int NOT NULL,
  `name` varchar(255) NOT NULL,
  `team` varchar(255) NOT NULL,
  `avatar` varchar(255) NOT NULL,
  `shield` varchar(255) NOT NULL,
  `shirt` varchar(255) NOT NULL,
  `pro` int NOT NULL,
  `first_year` year NOT NULL,
  PRIMARY KEY (`id`),
  UNIQUE KEY `id_cartola_UNIQUE` (`id_cartola`)
) ENGINE=InnoDB AUTO_INCREMENT=567 DEFAULT CHARSET=utf8mb4 COLLATE=utf8mb4_0900_ai_ci;
/*!40101 SET character_set_client = @saved_cs_client */;

--
-- Dumping data for table `members`
--

LOCK TABLES `members` WRITE;
/*!40000 ALTER TABLE `members` DISABLE KEYS */;
INSERT INTO `members` VALUES (497,13952016,'Myller10','Myller10FC','https://graph.facebook.com/v2.9/10203573682481423/picture?width=100&height=100','https://s3.glbimg.com/v1/AUTH_58d78b787ec34892b5aaa0c7a146155f/cartola_svg_133/escudo/3f/15/10/002295d549-08d4-4074-be30-5d492ca7d33f20190402151510','https://s3.glbimg.com/v1/AUTH_58d78b787ec34892b5aaa0c7a146155f/cartola_svg_164/camisa/3f/19/30/002295d549-08d4-4074-be30-5d492ca7d33f20200722151930',1,2018),(498,4602483,'Ricardo Pinheiro','Dinamite RXFC','https://graph.facebook.com/v2.9/576647842443448/picture?width=100&height=100','https://s3.glbimg.com/v1/AUTH_58d78b787ec34892b5aaa0c7a146155f/cartola_svg_177/escudo/a3/53/34/00b37dade4-6f7b-469e-b503-ec36b3d64fa320200819105334','https://s3.glbimg.com/v1/AUTH_58d78b787ec34892b5aaa0c7a146155f/cartola_svg_169/camisa/a3/04/00/00b37dade4-6f7b-469e-b503-ec36b3d64fa320200805170400',1,2016),(499,26167824,'C. EDUARDO GUERRA','GUERRAVET','https://s3.glbimg.com/v1/AUTH_58d78b787ec34892b5aaa0c7a146155f/placeholder/perfil.png','https://s3.glbimg.com/v1/AUTH_58d78b787ec34892b5aaa0c7a146155f/cartola_svg_170/escudo/e2/58/10/0056964558-3470-44ad-bf45-eca989116de220200805235810','https://s3.glbimg.com/v1/AUTH_58d78b787ec34892b5aaa0c7a146155f/cartola_svg_170/camisa/e2/58/10/0056964558-3470-44ad-bf45-eca989116de220200805235810',1,2020),(500,210092,'Gustavo Corrêa','F.C Copo Sujo','https://s3.glbimg.com/v1/AUTH_58d78b787ec34892b5aaa0c7a146155f/placeholder/perfil.png','https://s3.glbimg.com/v1/AUTH_58d78b787ec34892b5aaa0c7a146155f/cartola_svg_105/escudo/c7/18/41/00933c88cc-05eb-4242-98f6-cb3fd4812fc720180404221841','https://s3.glbimg.com/v1/AUTH_58d78b787ec34892b5aaa0c7a146155f/cartola_svg_164/camisa/c7/31/03/00933c88cc-05eb-4242-98f6-cb3fd4812fc720200722113103',1,2011),(501,340663,'Suso','JUSAN F C','https://graph.facebook.com/v2.9/10200962144015070/picture?width=100&height=100','https://s3.glbimg.com/v1/AUTH_58d78b787ec34892b5aaa0c7a146155f/cartola_svg_133/escudo/26/15/58/00b4d6753c-ee05-4ee5-86bb-4da0f80ad52620190402171558','https://s3.glbimg.com/v1/AUTH_58d78b787ec34892b5aaa0c7a146155f/cartola_svg_166/camisa/26/21/38/00b4d6753c-ee05-4ee5-86bb-4da0f80ad52620200726142138',1,2012),(502,17812406,'Pai do Fe','Mafeana F.C','https://s3.glbimg.com/v1/AUTH_58d78b787ec34892b5aaa0c7a146155f/placeholder/perfil.png','https://s3.glbimg.com/v1/AUTH_58d78b787ec34892b5aaa0c7a146155f/cartola_svg_168/escudo/e7/44/56/006715a21f-41f2-4ff8-bed3-5d3bfe4f38e720200801174456','https://s3.glbimg.com/v1/AUTH_58d78b787ec34892b5aaa0c7a146155f/cartola_svg_170/camisa/e7/32/12/006715a21f-41f2-4ff8-bed3-5d3bfe4f38e720200805173212',1,2018),(503,16270823,'Dirceu crespo ','CONDOR VÔO LIVRE 2020','https://s3.glbimg.com/v1/AUTH_58d78b787ec34892b5aaa0c7a146155f/placeholder/perfil.png','https://s3.glbimg.com/v1/AUTH_58d78b787ec34892b5aaa0c7a146155f/cartola_svg_166/escudo/28/49/12/00d5ca5dce-77c7-4ef8-8cc9-7319afc7c82820200727154912','https://s3.glbimg.com/v1/AUTH_58d78b787ec34892b5aaa0c7a146155f/cartola_svg_166/camisa/28/12/44/00d5ca5dce-77c7-4ef8-8cc9-7319afc7c82820200727161244',1,2018),(504,3041266,'deusimá','Havanty 10 fc','https://graph.facebook.com/v2.9/489274707865703/picture?width=100&height=100','https://s3.glbimg.com/v1/AUTH_58d78b787ec34892b5aaa0c7a146155f/cartola_svg_103/escudo/aa/04/56/00f222cc9f-b10e-4d0f-9b0f-ce62119c24aa20180329190456','https://s3.glbimg.com/v1/AUTH_58d78b787ec34892b5aaa0c7a146155f/cartola_svg_167/camisa/aa/34/43/00f222cc9f-b10e-4d0f-9b0f-ce62119c24aa20200728203443',1,2016),(505,8495819,'Daniel Granna','GRANNA CITY','https://graph.facebook.com/v2.9/100002818168489/picture?width=100&height=100','https://s3.glbimg.com/v1/AUTH_58d78b787ec34892b5aaa0c7a146155f/cartola_svg_145/escudo/70/46/13/00f93287e5-e676-4e8f-8e5f-cf635f3f8c7020190430154613','https://s3.glbimg.com/v1/AUTH_58d78b787ec34892b5aaa0c7a146155f/cartola_svg_163/camisa/70/26/19/00f93287e5-e676-4e8f-8e5f-cf635f3f8c7020200721152619',1,2017),(506,8397946,'Felipe dos Santos','DoutorFla','https://graph.facebook.com/v2.9/643036589102797/picture?width=100&height=100','https://s3.glbimg.com/v1/AUTH_58d78b787ec34892b5aaa0c7a146155f/cartola_svg_165/escudo/5a/44/16/00258cf5a1-2f94-46fb-87eb-515b0baac25a20200723134416','https://s3.glbimg.com/v1/AUTH_58d78b787ec34892b5aaa0c7a146155f/cartola_svg_165/camisa/5a/44/16/00258cf5a1-2f94-46fb-87eb-515b0baac25a20200723134416',1,2017),(507,105304,'Lemão','CHAPELEIRO  MALUCO E.C','https://s3.glbimg.com/v1/AUTH_58d78b787ec34892b5aaa0c7a146155f/placeholder/perfil.png','https://s3.glbimg.com/v1/AUTH_58d78b787ec34892b5aaa0c7a146155f/cartola_svg_164/escudo/cf/54/35/0024016fad-cd59-4512-bfdd-cd326433f2cf20200722145435','https://s3.glbimg.com/v1/AUTH_58d78b787ec34892b5aaa0c7a146155f/cartola_svg_163/camisa/cf/49/27/0024016fad-cd59-4512-bfdd-cd326433f2cf20200721144927',1,2010),(508,109487,'Gustavo Bugrão','Bugrão LM','https://graph.facebook.com/v2.9/653132598056787/picture?width=100&height=100','https://s3.glbimg.com/v1/AUTH_58d78b787ec34892b5aaa0c7a146155f/cartola_svg_164/escudo/7b/12/29/0058b5352f-d1e7-478f-b1d1-1b801d0baf7b20200722151229','https://s3.glbimg.com/v1/AUTH_58d78b787ec34892b5aaa0c7a146155f/cartola_svg_169/camisa/7b/29/05/0058b5352f-d1e7-478f-b1d1-1b801d0baf7b20200805162905',1,2010),(509,136461,'Amauri','Salsa S.C.C.P','https://s3.glbimg.com/v1/AUTH_58d78b787ec34892b5aaa0c7a146155f/placeholder/perfil.png','https://s3.glbimg.com/v1/AUTH_58d78b787ec34892b5aaa0c7a146155f/cartola_svg_166/escudo/bd/17/59/003894474a-c1eb-425d-a1d4-4319afef92bd20200725141759','https://s3.glbimg.com/v1/AUTH_58d78b787ec34892b5aaa0c7a146155f/cartola_svg_166/camisa/bd/18/44/003894474a-c1eb-425d-a1d4-4319afef92bd20200725141844',1,2010),(510,723426,'Afonso Junior','ArrancatocosF.C.','https://s3.glbimg.com/v1/AUTH_58d78b787ec34892b5aaa0c7a146155f/placeholder/perfil.png','https://s3.glbimg.com/v1/AUTH_58d78b787ec34892b5aaa0c7a146155f/cartola_svg_101/escudo/d1/19/18/00a207970d-22c7-425c-ba33-6b4fc99e36d120180323201918','https://s3.glbimg.com/v1/AUTH_58d78b787ec34892b5aaa0c7a146155f/cartola_svg_163/camisa/d1/57/30/00a207970d-22c7-425c-ba33-6b4fc99e36d120200721145730',1,2014),(511,12570518,'Edu','Edu Bugrão F.C','https://s3.glbimg.com/v1/AUTH_58d78b787ec34892b5aaa0c7a146155f/placeholder/perfil.png','https://s3.glbimg.com/v1/AUTH_58d78b787ec34892b5aaa0c7a146155f/cartola_svg_167/escudo/f6/05/10/0099b447cb-623b-4b6f-9e68-e9c1692249f620200729120510','https://s3.glbimg.com/v1/AUTH_58d78b787ec34892b5aaa0c7a146155f/cartola_svg_170/camisa/f6/21/20/0099b447cb-623b-4b6f-9e68-e9c1692249f620200805172120',1,2017),(512,23706,'Matheus Marques','Riverville FC','https://graph.facebook.com/v2.9/587987031297725/picture?width=100&height=100','https://s3.glbimg.com/v1/AUTH_58d78b787ec34892b5aaa0c7a146155f/cartola_svg_104/escudo/70/41/35/003e1bbbe1-8ac1-4a4a-b192-de57bf6ef17020180330224135','https://s3.glbimg.com/v1/AUTH_58d78b787ec34892b5aaa0c7a146155f/cartola_svg_169/camisa/70/28/09/003e1bbbe1-8ac1-4a4a-b192-de57bf6ef17020200805162809',1,2008),(513,13990051,'Danilo','DankaGu','https://graph.facebook.com/v2.9/254094901441152/picture?width=100&height=100','https://s3.glbimg.com/v1/AUTH_58d78b787ec34892b5aaa0c7a146155f/cartola_svg_168/escudo/58/05/01/009fac75cb-f9af-48da-9d6d-fdbabb3ada5820200802220501','https://s3.glbimg.com/v1/AUTH_58d78b787ec34892b5aaa0c7a146155f/cartola_svg_168/camisa/58/05/01/009fac75cb-f9af-48da-9d6d-fdbabb3ada5820200802220501',1,2018),(514,13972719,'Jorge Edley ','SC Chute no Escuro','https://s3.glbimg.com/v1/AUTH_58d78b787ec34892b5aaa0c7a146155f/placeholder/perfil.png','https://s3.glbimg.com/v1/AUTH_58d78b787ec34892b5aaa0c7a146155f/cartola_svg_101/escudo/a7/49/20/00bd151585-8ba7-4100-8eba-c46a762637a720180324134920','https://s3.glbimg.com/v1/AUTH_58d78b787ec34892b5aaa0c7a146155f/cartola_svg_163/camisa/a7/14/33/00bd151585-8ba7-4100-8eba-c46a762637a720200721191433',1,2018),(515,3006219,'Guilherme Antonelli ','Bob Dyllan','https://graph.facebook.com/v2.9/100003954031130/picture?width=100&height=100','https://s3.glbimg.com/v1/AUTH_58d78b787ec34892b5aaa0c7a146155f/cartola_svg_167/escudo/2c/28/55/001b2fc950-4f9b-406f-8476-b427dc7de32c20200730152855','https://s3.glbimg.com/v1/AUTH_58d78b787ec34892b5aaa0c7a146155f/cartola_svg_169/camisa/2c/58/42/001b2fc950-4f9b-406f-8476-b427dc7de32c20200805165842',1,2016),(516,2648784,'FABINHO','MANCHA FABINHO','https://s3.glbimg.com/v1/AUTH_58d78b787ec34892b5aaa0c7a146155f/placeholder/perfil.png','https://s3.glbimg.com/v1/AUTH_58d78b787ec34892b5aaa0c7a146155f/cartola_svg_166/escudo/8f/48/30/00e29157a4-3a6b-46b8-8a78-95669c9f118f20200726114830','https://s3.glbimg.com/v1/AUTH_58d78b787ec34892b5aaa0c7a146155f/cartola_svg_169/camisa/8f/57/07/00e29157a4-3a6b-46b8-8a78-95669c9f118f20200805165707',1,2016),(517,26258895,'Tio Flavio','Tio Flavio Flamengo','https://s3.glbimg.com/v1/AUTH_58d78b787ec34892b5aaa0c7a146155f/placeholder/perfil.png','https://s3.glbimg.com/v1/AUTH_58d78b787ec34892b5aaa0c7a146155f/cartola_svg_171/escudo/f7/23/07/002cf60e2a-b465-45ad-818d-b637695033f720200807022307','https://s3.glbimg.com/v1/AUTH_58d78b787ec34892b5aaa0c7a146155f/cartola_svg_171/camisa/f7/23/07/002cf60e2a-b465-45ad-818d-b637695033f720200807022307',0,2020),(518,562676,'rubinho100','rubinho100','https://graph.facebook.com/v2.9/100000778253901/picture?width=100&height=100','https://s3.glbimg.com/v1/AUTH_58d78b787ec34892b5aaa0c7a146155f/cartola_svg_162/escudo/7d/42/53/001f5b54af-30ec-49db-91e8-ea965e398a7d20200721124253','https://s3.glbimg.com/v1/AUTH_58d78b787ec34892b5aaa0c7a146155f/cartola_svg_169/camisa/7d/45/55/001f5b54af-30ec-49db-91e8-ea965e398a7d20200805164555',1,2013),(519,155263,'Carlos Porcari','E. C. PÉ DE KOEIO','https://s3.glbimg.com/v1/AUTH_58d78b787ec34892b5aaa0c7a146155f/placeholder/perfil.png','https://s3.glbimg.com/v1/AUTH_58d78b787ec34892b5aaa0c7a146155f/cartola_svg_103/escudo/88/26/50/00c4482b35-941d-4409-9aae-2959bb45ff8820180328192650','https://s3.glbimg.com/v1/AUTH_58d78b787ec34892b5aaa0c7a146155f/cartola_svg_164/camisa/88/46/28/00c4482b35-941d-4409-9aae-2959bb45ff8820200722104628',1,2010),(520,15351516,'Danilo Portilho ','Roi Corinthians Né ','https://graph.facebook.com/v2.9/2146803462243586/picture?width=100&height=100','https://s3.glbimg.com/v1/AUTH_58d78b787ec34892b5aaa0c7a146155f/cartola_svg_164/escudo/e6/47/34/0028da84c8-aef6-4de7-9135-0157af2561e620200722134734','https://s3.glbimg.com/v1/AUTH_58d78b787ec34892b5aaa0c7a146155f/cartola_svg_170/camisa/e6/28/43/0028da84c8-aef6-4de7-9135-0157af2561e620200805172843',0,2018),(521,2426540,'Jorge Luis','meio pau','https://s3.glbimg.com/v1/AUTH_58d78b787ec34892b5aaa0c7a146155f/placeholder/perfil.png','https://s3.glbimg.com/v1/AUTH_58d78b787ec34892b5aaa0c7a146155f/cartola_svg_108/escudo/d0/04/01/00463375f0-e00a-42e2-bff8-d7b484b68ad020180412130401','https://s3.glbimg.com/v1/AUTH_58d78b787ec34892b5aaa0c7a146155f/cartola_svg_162/camisa/d0/16/40/00463375f0-e00a-42e2-bff8-d7b484b68ad020200721121640',1,2016),(522,2657179,'Lamartine','Cachaça F.C.Campinas','https://s3.glbimg.com/v1/AUTH_58d78b787ec34892b5aaa0c7a146155f/placeholder/perfil.png','https://s3.glbimg.com/v1/AUTH_58d78b787ec34892b5aaa0c7a146155f/cartola_svg_164/escudo/b2/07/35/00d3ca704e-6f9b-4438-a046-1a56968a46b220200722090735','https://s3.glbimg.com/v1/AUTH_58d78b787ec34892b5aaa0c7a146155f/cartola_svg_164/camisa/b2/07/35/00d3ca704e-6f9b-4438-a046-1a56968a46b220200722090735',1,2016),(523,26265678,'Tio Flavio','Tio Flavio Santos FC','https://s3.glbimg.com/v1/AUTH_58d78b787ec34892b5aaa0c7a146155f/placeholder/perfil.png','https://s3.glbimg.com/v1/AUTH_58d78b787ec34892b5aaa0c7a146155f/cartola_svg_171/escudo/2d/49/32/006ae0dfe1-cfae-48fb-a500-26b99960b32d20200807084932','https://s3.glbimg.com/v1/AUTH_58d78b787ec34892b5aaa0c7a146155f/cartola_svg_171/camisa/2d/49/32/006ae0dfe1-cfae-48fb-a500-26b99960b32d20200807084932',0,2020),(524,5361336,'ALEXANDRE ALCÂNTARA','HUMAITA 2018','https://s3.glbimg.com/v1/AUTH_58d78b787ec34892b5aaa0c7a146155f/placeholder/perfil.png','https://s3.glbimg.com/v1/AUTH_58d78b787ec34892b5aaa0c7a146155f/cartola_svg_164/escudo/cc/00/01/00b1f73210-82c2-4571-8de2-173a491711cc20200721210001','https://s3.glbimg.com/v1/AUTH_58d78b787ec34892b5aaa0c7a146155f/cartola_svg_155/camisa/cc/28/17/00b1f73210-82c2-4571-8de2-173a491711cc20190525182817',1,2016),(525,25676609,'Tiim Silva','Tiim Futebol Clube','https://s3.glbimg.com/v1/AUTH_58d78b787ec34892b5aaa0c7a146155f/placeholder/perfil.png','https://s3.glbimg.com/v1/AUTH_58d78b787ec34892b5aaa0c7a146155f/cartola_svg_170/escudo/e9/29/13/00b1c2c9e3-d396-4cf6-9e37-b5d45ddb76e920200806152913','https://s3.glbimg.com/v1/AUTH_58d78b787ec34892b5aaa0c7a146155f/cartola_svg_166/camisa/e9/17/36/00b1c2c9e3-d396-4cf6-9e37-b5d45ddb76e920200726151736',1,2020),(526,229027,'Gustavo D. Vecchia','DallaVecchia FC','https://graph.facebook.com/v2.9/656998194371572/picture?width=100&height=100','https://s3.glbimg.com/v1/AUTH_58d78b787ec34892b5aaa0c7a146155f/cartola_svg_135/escudo/7e/27/17/0088cffd6e-b8aa-43ad-80b3-323528dfe87e20190406092717','https://s3.glbimg.com/v1/AUTH_58d78b787ec34892b5aaa0c7a146155f/cartola_svg_169/camisa/7e/43/08/0088cffd6e-b8aa-43ad-80b3-323528dfe87e20200805164308',1,2011),(527,14565087,'Markito','Markito10 F C','https://s3.glbimg.com/v1/AUTH_58d78b787ec34892b5aaa0c7a146155f/placeholder/perfil.png','https://s3.glbimg.com/v1/AUTH_58d78b787ec34892b5aaa0c7a146155f/cartola_svg_167/escudo/e6/45/07/0089d4c2d1-faa0-42fd-a852-1984bb0a29e620200729214507','https://s3.glbimg.com/v1/AUTH_58d78b787ec34892b5aaa0c7a146155f/cartola_svg_167/camisa/e6/47/13/0089d4c2d1-faa0-42fd-a852-1984bb0a29e620200729214713',1,2018),(528,1100348,'Allan Benatti','F.C.TADINHO','https://graph.facebook.com/v2.9/669357099780650/picture?width=100&height=100','https://s3.glbimg.com/v1/AUTH_58d78b787ec34892b5aaa0c7a146155f/cartola_svg_166/escudo/a9/34/05/00484b13dd-034e-4cd5-ab78-28a26b71f7a920200728083405','https://s3.glbimg.com/v1/AUTH_58d78b787ec34892b5aaa0c7a146155f/cartola_svg_166/camisa/a9/34/45/00484b13dd-034e-4cd5-ab78-28a26b71f7a920200728083445',1,2015),(529,1145611,'Fabio Dias','Bolacha SB','https://s3.glbimg.com/v1/AUTH_58d78b787ec34892b5aaa0c7a146155f/placeholder/perfil.png','https://s3.glbimg.com/v1/AUTH_58d78b787ec34892b5aaa0c7a146155f/cartola_svg_162/escudo/59/38/50/00f1ffd07a-8a2e-4953-8618-cba87dab635920200721133850','https://s3.glbimg.com/v1/AUTH_58d78b787ec34892b5aaa0c7a146155f/cartola_svg_162/camisa/59/38/50/00f1ffd07a-8a2e-4953-8618-cba87dab635920200721133850',1,2015),(530,9524375,'Rafael Gulla','RG Jurema FC','https://s3.glbimg.com/v1/AUTH_58d78b787ec34892b5aaa0c7a146155f/placeholder/perfil.png','https://s3.glbimg.com/v1/AUTH_58d78b787ec34892b5aaa0c7a146155f/cartola_svg_123/escudo/ba/49/12/007293a760-42ca-4ad0-a638-484d55d744ba20180810194912','https://s3.glbimg.com/v1/AUTH_58d78b787ec34892b5aaa0c7a146155f/cartola_svg_169/camisa/ba/16/40/007293a760-42ca-4ad0-a638-484d55d744ba20200805171640',1,2017),(531,24429704,'Alessandro','Klub Sportowy','https://s3.glbimg.com/v1/AUTH_58d78b787ec34892b5aaa0c7a146155f/placeholder/perfil.png','https://s3.glbimg.com/v1/AUTH_58d78b787ec34892b5aaa0c7a146155f/cartola_svg_165/escudo/18/06/34/00121344cd-cb00-4d99-be25-1d582017061820200724090634','https://s3.glbimg.com/v1/AUTH_58d78b787ec34892b5aaa0c7a146155f/cartola_svg_165/camisa/18/06/34/00121344cd-cb00-4d99-be25-1d582017061820200724090634',1,2019),(532,7009741,'Maycon Teodoro','Maycon Bonny FC','https://graph.facebook.com/v2.9/772162329462261/picture?width=100&height=100','https://s3.glbimg.com/v1/AUTH_58d78b787ec34892b5aaa0c7a146155f/cartola_svg_104/escudo/ff/18/42/002f191908-b77c-443b-850e-bbe4662391ff20180402191842','https://s3.glbimg.com/v1/AUTH_58d78b787ec34892b5aaa0c7a146155f/cartola_svg_166/camisa/ff/50/29/002f191908-b77c-443b-850e-bbe4662391ff20200726095029',0,2016),(533,475197,'JOEL JR','JOEL FUTPESCA','https://s3.glbimg.com/v1/AUTH_58d78b787ec34892b5aaa0c7a146155f/placeholder/perfil.png','https://s3.glbimg.com/v1/AUTH_58d78b787ec34892b5aaa0c7a146155f/cartola_svg_164/escudo/aa/44/29/0075ba02b4-71ac-4801-8b11-d35777514faa20200722174429','https://s3.glbimg.com/v1/AUTH_58d78b787ec34892b5aaa0c7a146155f/cartola_svg_169/camisa/aa/45/12/0075ba02b4-71ac-4801-8b11-d35777514faa20200805164512',1,2013),(534,1093667,'Daniel Ramos','Olympique DR','https://s3.glbimg.com/v1/AUTH_58d78b787ec34892b5aaa0c7a146155f/placeholder/perfil.png','https://s3.glbimg.com/v1/AUTH_58d78b787ec34892b5aaa0c7a146155f/cartola_svg_107/escudo/1e/10/30/00baab9afa-37ed-452f-8cec-c8ffb82b641e20180410211030','https://s3.glbimg.com/v1/AUTH_58d78b787ec34892b5aaa0c7a146155f/cartola_svg_169/camisa/1e/50/42/00baab9afa-37ed-452f-8cec-c8ffb82b641e20200805165042',1,2015),(535,1779424,'Matheus Bueno','Bugrao 1978','https://s3.glbimg.com/v1/AUTH_58d78b787ec34892b5aaa0c7a146155f/placeholder/perfil.png','https://s3.glbimg.com/v1/AUTH_58d78b787ec34892b5aaa0c7a146155f/cartola_svg_168/escudo/d8/45/14/00f731fd07-3c87-46b8-bd5c-a6a0fc1f79d820200801174514','https://s3.glbimg.com/v1/AUTH_58d78b787ec34892b5aaa0c7a146155f/cartola_svg_168/camisa/d8/45/14/00f731fd07-3c87-46b8-bd5c-a6a0fc1f79d820200801174514',1,2015),(536,6664717,'newton','Al-Jaish FC','https://s3.glbimg.com/v1/AUTH_58d78b787ec34892b5aaa0c7a146155f/placeholder/perfil.png','https://s3.glbimg.com/v1/AUTH_58d78b787ec34892b5aaa0c7a146155f/cartola_svg_114/escudo/f5/28/51/00799be62d-ca50-4f11-aa70-34899cc580f520180420162851','https://s3.glbimg.com/v1/AUTH_58d78b787ec34892b5aaa0c7a146155f/cartola_svg_180/camisa/f5/43/06/00799be62d-ca50-4f11-aa70-34899cc580f520200912184306',0,2016),(537,1572965,'nicola','nacional nova veneza','https://graph.facebook.com/v2.9/1815594742053202/picture?width=100&height=100','https://s3.glbimg.com/v1/AUTH_58d78b787ec34892b5aaa0c7a146155f/cartola_svg_164/escudo/71/11/20/0092ddc374-5f04-47e9-8afd-1961cf938a7120200722191120','https://s3.glbimg.com/v1/AUTH_58d78b787ec34892b5aaa0c7a146155f/cartola_svg_164/camisa/71/11/20/0092ddc374-5f04-47e9-8afd-1961cf938a7120200722191120',1,2015),(538,2253321,'Lucas Marques Ferrei','AS Geografia','https://s3.glbimg.com/v1/AUTH_58d78b787ec34892b5aaa0c7a146155f/placeholder/perfil.png','https://s3.glbimg.com/v1/AUTH_58d78b787ec34892b5aaa0c7a146155f/cartola_svg_181/escudo/03/44/25/0054ee6da0-fdd8-4658-aa25-e3902ac90b0320201103124425','https://s3.glbimg.com/v1/AUTH_58d78b787ec34892b5aaa0c7a146155f/cartola_svg_181/camisa/03/46/36/0054ee6da0-fdd8-4658-aa25-e3902ac90b0320201103124636',1,2016),(539,14449664,'Augusto dos Santos','Pontcharta','https://graph.facebook.com/v2.9/613160312106146/picture?width=100&height=100','https://s3.glbimg.com/v1/AUTH_58d78b787ec34892b5aaa0c7a146155f/cartola_svg_106/escudo/5e/18/19/00e1aed085-df85-4a10-914b-593039db235e20180409211819','https://s3.glbimg.com/v1/AUTH_58d78b787ec34892b5aaa0c7a146155f/cartola_svg_165/camisa/5e/35/45/00e1aed085-df85-4a10-914b-593039db235e20200723173545',1,2018),(540,13945425,'Johnny Souza','Souza89 Fut','https://graph.facebook.com/v2.9/10200903703074528/picture?width=100&height=100','https://s3.glbimg.com/v1/AUTH_58d78b787ec34892b5aaa0c7a146155f/cartola_svg_163/escudo/af/23/42/0097f7f539-315a-4a3a-b5e0-eeb295a2daaf20200721142342','https://s3.glbimg.com/v1/AUTH_58d78b787ec34892b5aaa0c7a146155f/cartola_svg_163/camisa/af/23/42/0097f7f539-315a-4a3a-b5e0-eeb295a2daaf20200721142342',0,2018),(541,3045140,'Rafael Gorge','Decreto S.E','https://graph.facebook.com/v2.9/616197441795509/picture?width=100&height=100','https://s3.glbimg.com/v1/AUTH_58d78b787ec34892b5aaa0c7a146155f/cartola_svg_177/escudo/24/49/34/00fd61fe4e-c8c5-451b-bd94-fc70c00c752420200817164934','https://s3.glbimg.com/v1/AUTH_58d78b787ec34892b5aaa0c7a146155f/cartola_svg_177/camisa/24/50/01/00fd61fe4e-c8c5-451b-bd94-fc70c00c752420200817165001',1,2016),(542,219063,'Rodrigo Augusto','Rodrigoll F. C.','https://s3.glbimg.com/v1/AUTH_58d78b787ec34892b5aaa0c7a146155f/placeholder/perfil.png','https://s3.glbimg.com/v1/AUTH_58d78b787ec34892b5aaa0c7a146155f/cartola_svg_171/escudo/a8/21/29/00f59aa7ea-d7b0-4780-9310-296872f74ca820200807202129','https://s3.glbimg.com/v1/AUTH_58d78b787ec34892b5aaa0c7a146155f/cartola_svg_171/camisa/a8/23/01/00f59aa7ea-d7b0-4780-9310-296872f74ca820200807202301',1,2011),(543,662584,'Guilherme Jachetta','Macáquina Mortífera','https://s3.glbimg.com/v1/AUTH_58d78b787ec34892b5aaa0c7a146155f/placeholder/perfil.png','https://s3.glbimg.com/v1/AUTH_58d78b787ec34892b5aaa0c7a146155f/cartola_svg_166/escudo/a1/52/53/00dbc8101a-063a-4a74-bceb-a9d12bfa60a120200726185253','https://s3.glbimg.com/v1/AUTH_58d78b787ec34892b5aaa0c7a146155f/cartola_svg_166/camisa/a1/52/53/00dbc8101a-063a-4a74-bceb-a9d12bfa60a120200726185253',1,2014),(544,25994084,'Leonardo ','E.C Mellinho ','https://s3.glbimg.com/v1/AUTH_58d78b787ec34892b5aaa0c7a146155f/placeholder/perfil.png','https://s3.glbimg.com/v1/AUTH_58d78b787ec34892b5aaa0c7a146155f/cartola_svg_168/escudo/72/49/13/0015e40f12-feb6-4c88-b8c2-c5efea575e7220200803214913','https://s3.glbimg.com/v1/AUTH_58d78b787ec34892b5aaa0c7a146155f/cartola_svg_170/camisa/72/04/24/0015e40f12-feb6-4c88-b8c2-c5efea575e7220200805180424',0,2020),(545,23932894,'Dereg Joga 10','Dicas do Deregão','https://s3.glbimg.com/v1/AUTH_58d78b787ec34892b5aaa0c7a146155f/placeholder/perfil.png','https://s3.glbimg.com/v1/AUTH_58d78b787ec34892b5aaa0c7a146155f/cartola_svg_169/escudo/e2/09/08/00b13bc697-34c2-4ada-b9db-cb7e37d96be220200805020908','https://s3.glbimg.com/v1/AUTH_58d78b787ec34892b5aaa0c7a146155f/cartola_svg_179/camisa/e2/13/51/00b13bc697-34c2-4ada-b9db-cb7e37d96be220200901011351',1,2019),(546,235769,'RUIGFC','Rui HSG','https://graph.facebook.com/v2.9/851764108184255/picture?width=100&height=100','https://s3.glbimg.com/v1/AUTH_58d78b787ec34892b5aaa0c7a146155f/cartola_svg_103/escudo/db/39/39/00b383c72c-322d-446f-8f24-9a5eb42a89db20180329213939','https://s3.glbimg.com/v1/AUTH_58d78b787ec34892b5aaa0c7a146155f/cartola_svg_169/camisa/db/43/12/00b383c72c-322d-446f-8f24-9a5eb42a89db20200805164312',1,2011),(547,25919221,'emerson luis','elbenatti','https://graph.facebook.com/v2.9/100002598363079/picture?width=100&height=100','https://s3.glbimg.com/v1/AUTH_58d78b787ec34892b5aaa0c7a146155f/cartola_svg_168/escudo/0d/35/53/001bf7009a-067d-494d-995d-f7151e783a0d20200802173553','https://s3.glbimg.com/v1/AUTH_58d78b787ec34892b5aaa0c7a146155f/cartola_svg_168/camisa/0d/35/53/001bf7009a-067d-494d-995d-f7151e783a0d20200802173553',0,2020),(548,1054401,'Jonathan Rodriguez','Colombia 1993 F.C.','https://graph.facebook.com/v2.9/759854430692026/picture?width=100&height=100','https://s3.glbimg.com/v1/AUTH_58d78b787ec34892b5aaa0c7a146155f/cartola_svg_100/escudo/f2/02/45/0025d2108c-4a4b-4aa9-b822-4592a8c63af220180322190245','https://s3.glbimg.com/v1/AUTH_58d78b787ec34892b5aaa0c7a146155f/cartola_svg_162/camisa/f2/18/58/0025d2108c-4a4b-4aa9-b822-4592a8c63af220200721131858',1,2015),(549,25835511,'Gustavo Lucato','Lucato 09','https://s3.glbimg.com/v1/AUTH_58d78b787ec34892b5aaa0c7a146155f/placeholder/perfil.png','https://s3.glbimg.com/v1/AUTH_58d78b787ec34892b5aaa0c7a146155f/cartola_svg_167/escudo/a0/16/56/005677020f-c949-4278-9f5d-5ac004f605a020200730231656','https://s3.glbimg.com/v1/AUTH_58d78b787ec34892b5aaa0c7a146155f/cartola_svg_167/camisa/a0/16/56/005677020f-c949-4278-9f5d-5ac004f605a020200730231656',0,2020),(550,2123521,'Walter Pereira','Wart 51','https://graph.facebook.com/v2.9/100003193508710/picture?width=100&height=100','https://s3.glbimg.com/v1/AUTH_58d78b787ec34892b5aaa0c7a146155f/cartola_svg_101/escudo/39/50/41/0014653c91-fb5d-4222-8eba-dd6d8f8e953920180323195041','https://s3.glbimg.com/v1/AUTH_58d78b787ec34892b5aaa0c7a146155f/cartola_svg_166/camisa/39/59/12/0014653c91-fb5d-4222-8eba-dd6d8f8e953920200726105912',0,2015),(551,3131352,'David Dias','Gelsenkirchen FB','https://graph.facebook.com/v2.9/100000080335410/picture?width=100&height=100','https://s3.glbimg.com/v1/AUTH_58d78b787ec34892b5aaa0c7a146155f/cartola_svg_168/escudo/59/12/38/0043ac71d6-fc7e-40e4-91bb-fdc44bd89c5920200802031238','https://s3.glbimg.com/v1/AUTH_58d78b787ec34892b5aaa0c7a146155f/cartola_svg_178/camisa/59/50/00/0043ac71d6-fc7e-40e4-91bb-fdc44bd89c5920200822085000',1,2016),(552,178333,'Renan','JAKYES FC','https://graph.facebook.com/v2.9/599351216816925/picture?width=100&height=100','https://s3.glbimg.com/v1/AUTH_58d78b787ec34892b5aaa0c7a146155f/cartola_svg_102/escudo/df/23/20/005b29b737-d8ed-46ba-9c34-95e4b64e74df20180325152320','https://s3.glbimg.com/v1/AUTH_58d78b787ec34892b5aaa0c7a146155f/cartola_svg_165/camisa/85/14/39/0054ae4abf-ae19-40cb-aaac-2bc5a6d44c8520200722221439',1,2011),(553,18788250,'Dereg Joga 10','Deregão Youtuber','https://graph.facebook.com/v2.9/975943952924476/picture?width=100&height=100','https://s3.glbimg.com/v1/AUTH_58d78b787ec34892b5aaa0c7a146155f/cartola_svg_181/escudo/2d/08/37/00827f1f1a-6412-4947-b445-0a702890262d20201104010837','https://s3.glbimg.com/v1/AUTH_58d78b787ec34892b5aaa0c7a146155f/cartola_svg_179/camisa/2d/56/48/00827f1f1a-6412-4947-b445-0a702890262d20200901005648',1,2019),(554,12990491,'Glauco Luiz','SE Kiko\'s','https://s3.glbimg.com/v1/AUTH_58d78b787ec34892b5aaa0c7a146155f/placeholder/perfil.png','https://s3.glbimg.com/v1/AUTH_58d78b787ec34892b5aaa0c7a146155f/cartola_svg_100/escudo/45/29/57/00f181996b-750e-438b-ab43-1d9ac526a94520180322152957','https://s3.glbimg.com/v1/AUTH_58d78b787ec34892b5aaa0c7a146155f/cartola_svg_168/camisa/45/30/32/00f181996b-750e-438b-ab43-1d9ac526a94520200803163032',1,2017),(555,3037634,'Guilherme Rocamora','ROCASHOW F. C.','https://graph.facebook.com/v2.9/1353853553/picture?width=100&height=100','https://s3.glbimg.com/v1/AUTH_58d78b787ec34892b5aaa0c7a146155f/cartola_svg_167/escudo/ab/48/12/00367b17fc-03bb-43e9-a0b0-77d998ff9cab20200730034812','https://s3.glbimg.com/v1/AUTH_58d78b787ec34892b5aaa0c7a146155f/cartola_svg_166/camisa/ab/35/22/00367b17fc-03bb-43e9-a0b0-77d998ff9cab20200727113522',1,2016),(556,1528875,'Junior serafim','carroçateam.fc','https://s3.glbimg.com/v1/AUTH_58d78b787ec34892b5aaa0c7a146155f/placeholder/perfil.png','https://s3.glbimg.com/v1/AUTH_58d78b787ec34892b5aaa0c7a146155f/cartola_svg_167/escudo/51/53/49/00664a2532-aaef-4e9d-8313-2bb8c7746b5120200801105349','https://s3.glbimg.com/v1/AUTH_58d78b787ec34892b5aaa0c7a146155f/cartola_svg_153/camisa/51/02/38/00664a2532-aaef-4e9d-8313-2bb8c7746b5120190524090238',1,2015),(557,41084,'Mariano','CASH SINCE 2019','https://graph.facebook.com/v2.9/494698347320053/picture?width=100&height=100','https://s3.glbimg.com/v1/AUTH_58d78b787ec34892b5aaa0c7a146155f/cartola_svg_166/escudo/a5/11/36/00af52c25e-daaa-4858-9155-b1368c66fba520200725161136','https://s3.glbimg.com/v1/AUTH_58d78b787ec34892b5aaa0c7a146155f/cartola_svg_166/camisa/a5/13/56/00af52c25e-daaa-4858-9155-b1368c66fba520200725161356',1,2009),(558,25619695,'Dereg Joga 10','Dereg Joga 10','https://s3.glbimg.com/v1/AUTH_58d78b787ec34892b5aaa0c7a146155f/placeholder/perfil.png','https://s3.glbimg.com/v1/AUTH_58d78b787ec34892b5aaa0c7a146155f/cartola_svg_181/escudo/44/43/04/003e869326-03f6-4158-8f5d-d0be5f62644420201104184304','https://s3.glbimg.com/v1/AUTH_58d78b787ec34892b5aaa0c7a146155f/cartola_svg_179/camisa/44/02/47/003e869326-03f6-4158-8f5d-d0be5f62644420200901010247',1,2020),(559,26371216,'Tio Flavio','Tio Flavio SanVasMengo','https://s3.glbimg.com/v1/AUTH_58d78b787ec34892b5aaa0c7a146155f/placeholder/perfil.png','https://s3.glbimg.com/v1/AUTH_58d78b787ec34892b5aaa0c7a146155f/cartola_svg_171/escudo/71/04/46/00f8fc6326-eb15-43cd-832f-bb81c06e117120200807220446','https://s3.glbimg.com/v1/AUTH_58d78b787ec34892b5aaa0c7a146155f/cartola_svg_171/camisa/71/04/46/00f8fc6326-eb15-43cd-832f-bb81c06e117120200807220446',0,2020),(560,11478605,'Rodox','king titans','https://graph.facebook.com/v2.9/1473194999576289/picture?width=100&height=100','https://s3.glbimg.com/v1/AUTH_58d78b787ec34892b5aaa0c7a146155f/cartola_svg_168/escudo/31/58/44/0069620e37-e997-4d75-b301-e416a0e0433120200803195844','https://s3.glbimg.com/v1/AUTH_58d78b787ec34892b5aaa0c7a146155f/cartola_svg_168/camisa/31/58/44/0069620e37-e997-4d75-b301-e416a0e0433120200803195844',0,2017),(561,757956,'Luiz Franco','Real maDIC VI','https://graph.facebook.com/v2.9/623005931111936/picture?width=100&height=100','https://s3.glbimg.com/v1/AUTH_58d78b787ec34892b5aaa0c7a146155f/cartola_svg_170/escudo/59/27/31/0049218b3d-66d9-4eb9-8a57-73693fd8575920200805192731','https://s3.glbimg.com/v1/AUTH_58d78b787ec34892b5aaa0c7a146155f/cartola_svg_170/camisa/59/28/24/0049218b3d-66d9-4eb9-8a57-73693fd8575920200805192824',1,2014),(562,3558237,'john francis ','JOHN REAL F.C','https://graph.facebook.com/v2.9/680449778680756/picture?width=100&height=100','https://s3.glbimg.com/v1/AUTH_58d78b787ec34892b5aaa0c7a146155f/cartola_svg_116/escudo/66/05/48/000e811142-3da1-458a-b4f6-e0c40724526620180430230548','https://s3.glbimg.com/v1/AUTH_58d78b787ec34892b5aaa0c7a146155f/cartola_svg_168/camisa/66/04/18/000e811142-3da1-458a-b4f6-e0c40724526620200802100418',1,2016),(563,204740,'Felipe Mazzoleni','Moio United','https://graph.facebook.com/v2.9/710394505688801/picture?width=100&height=100','https://s3.glbimg.com/v1/AUTH_58d78b787ec34892b5aaa0c7a146155f/cartola_svg_164/escudo/e1/57/48/0010dd9e69-88cd-494c-a5ec-664b5f1681e120200722025748','https://s3.glbimg.com/v1/AUTH_58d78b787ec34892b5aaa0c7a146155f/cartola_svg_164/camisa/e1/57/48/0010dd9e69-88cd-494c-a5ec-664b5f1681e120200722025748',1,2011),(564,7984892,'F.Tonon','Tonon99','https://s3.glbimg.com/v1/AUTH_58d78b787ec34892b5aaa0c7a146155f/placeholder/perfil.png','https://s3.glbimg.com/v1/AUTH_58d78b787ec34892b5aaa0c7a146155f/cartola_svg_169/escudo/42/43/47/008dc5faec-8d20-4448-8147-e6acbfd93b4220200804214347','https://s3.glbimg.com/v1/AUTH_58d78b787ec34892b5aaa0c7a146155f/cartola_svg_164/camisa/42/52/15/008dc5faec-8d20-4448-8147-e6acbfd93b4220200721215215',1,2017),(565,9031004,'Fernando Toledo','FPT Sumaré FC','https://s3.glbimg.com/v1/AUTH_58d78b787ec34892b5aaa0c7a146155f/placeholder/perfil.png','https://s3.glbimg.com/v1/AUTH_58d78b787ec34892b5aaa0c7a146155f/cartola_svg_133/escudo/a3/18/46/0030ccc81b-dfc3-4f24-9362-a58dc18ba4a320190402191846','https://s3.glbimg.com/v1/AUTH_58d78b787ec34892b5aaa0c7a146155f/cartola_svg_164/camisa/a3/10/10/0030ccc81b-dfc3-4f24-9362-a58dc18ba4a320200721211010',0,2017),(566,6126264,'Myller e Matheus','Dupla Marques','https://s3.glbimg.com/v1/AUTH_58d78b787ec34892b5aaa0c7a146155f/placeholder/perfil.png','https://s3.glbimg.com/v1/AUTH_58d78b787ec34892b5aaa0c7a146155f/cartola_svg_181/escudo/c2/10/28/00ef471e0b-9abe-4da5-afa6-e775d705b2c220201103141028','https://s3.glbimg.com/v1/AUTH_58d78b787ec34892b5aaa0c7a146155f/cartola_svg_181/camisa/c2/11/23/00ef471e0b-9abe-4da5-afa6-e775d705b2c220201103141123',0,2016);
/*!40000 ALTER TABLE `members` ENABLE KEYS */;
UNLOCK TABLES;

--
-- Table structure for table `positions`
--

DROP TABLE IF EXISTS `positions`;
/*!40101 SET @saved_cs_client     = @@character_set_client */;
/*!50503 SET character_set_client = utf8mb4 */;
CREATE TABLE `positions` (
  `id` int NOT NULL AUTO_INCREMENT,
  `id_cartola` int NOT NULL,
  `name` varchar(45) NOT NULL,
  `abbreviation` char(3) NOT NULL,
  PRIMARY KEY (`id`),
  UNIQUE KEY `id_cartola_UNIQUE` (`id_cartola`)
) ENGINE=InnoDB AUTO_INCREMENT=7 DEFAULT CHARSET=utf8mb4 COLLATE=utf8mb4_0900_ai_ci;
/*!40101 SET character_set_client = @saved_cs_client */;

--
-- Dumping data for table `positions`
--

LOCK TABLES `positions` WRITE;
/*!40000 ALTER TABLE `positions` DISABLE KEYS */;
INSERT INTO `positions` VALUES (1,1,'Goleiro','GOL'),(2,2,'Lateral','LAT'),(3,3,'Zagueiro','ZAG'),(4,4,'Meia','MEI'),(5,5,'Atacante','ATA'),(6,6,'Técnico','TEC');
/*!40000 ALTER TABLE `positions` ENABLE KEYS */;
UNLOCK TABLES;

--
-- Table structure for table `rounds`
--

DROP TABLE IF EXISTS `rounds`;
/*!40101 SET @saved_cs_client     = @@character_set_client */;
/*!50503 SET character_set_client = utf8mb4 */;
CREATE TABLE `rounds` (
  `id` int NOT NULL AUTO_INCREMENT,
  `id_round` int NOT NULL,
  `id_member` int NOT NULL,
  `id_scheme` int NOT NULL,
  `patrimony` decimal(6,2) NOT NULL,
  `team_value` decimal(5,2) NOT NULL,
  `points` decimal(5,2) DEFAULT '0.00',
  `total` decimal(5,2) DEFAULT '0.00',
  PRIMARY KEY (`id`),
  UNIQUE KEY `ids_UNIQUE` (`id_round`,`id_member`),
  KEY `fk_id_scheme_idx` (`id_scheme`),
  KEY `fk_id_member_idx` (`id_member`),
  CONSTRAINT `fk_id_member` FOREIGN KEY (`id_member`) REFERENCES `members` (`id_cartola`),
  CONSTRAINT `fk_id_scheme` FOREIGN KEY (`id_scheme`) REFERENCES `schemes` (`id_cartola`)
) ENGINE=InnoDB AUTO_INCREMENT=845 DEFAULT CHARSET=utf8mb4 COLLATE=utf8mb4_0900_ai_ci;
/*!40101 SET character_set_client = @saved_cs_client */;

--
-- Dumping data for table `rounds`
--

LOCK TABLES `rounds` WRITE;
/*!40000 ALTER TABLE `rounds` DISABLE KEYS */;
INSERT INTO `rounds` VALUES (775,1,13952016,3,125.58,0.00,78.51,78.51),(776,1,4602483,3,123.20,0.00,67.52,67.52),(777,1,26167824,4,107.79,0.00,53.20,53.20),(778,1,210092,3,116.64,0.00,57.85,57.85),(779,1,340663,3,111.99,0.00,66.23,66.23),(780,1,17812406,3,126.65,0.00,77.72,77.72),(781,1,16270823,3,121.56,0.00,67.65,67.65),(782,1,3041266,3,111.25,0.00,46.62,46.62),(783,1,8495819,3,128.13,0.00,69.91,69.91),(784,1,8397946,3,118.45,0.00,61.12,61.12),(785,1,105304,3,130.39,0.00,82.12,82.12),(786,1,109487,3,128.43,0.00,70.72,70.72),(787,1,136461,3,126.09,0.00,75.22,75.22),(788,1,723426,3,136.74,0.00,81.42,81.42),(789,1,12570518,3,113.20,0.00,63.33,63.33),(790,1,23706,3,113.96,0.00,59.85,59.85),(791,1,13990051,3,118.71,0.00,62.61,62.61),(792,1,13972719,3,113.39,0.00,52.23,52.23),(793,1,3006219,3,117.87,0.00,59.42,59.42),(794,1,2648784,3,112.57,0.00,50.72,50.72),(795,1,26258895,3,108.46,0.00,50.22,50.22),(796,1,562676,3,123.50,0.00,67.33,67.33),(797,1,155263,1,118.70,0.00,71.30,71.30),(798,1,15351516,3,127.53,0.00,80.95,80.95),(799,1,2426540,3,107.94,0.00,38.61,38.61),(800,1,2657179,3,124.46,0.00,65.61,65.61),(801,1,26265678,3,99.10,0.00,48.05,48.05),(802,1,5361336,3,93.05,0.00,32.68,32.68),(803,1,25676609,3,109.73,0.00,58.93,58.93),(804,1,229027,3,112.99,0.00,54.32,54.32),(805,1,14565087,3,122.50,0.00,64.42,64.42),(806,1,1100348,3,124.60,0.00,77.95,77.95),(807,1,1145611,3,121.20,0.00,68.32,68.32),(808,1,9524375,3,112.08,0.00,57.65,57.65),(809,1,24429704,3,105.65,0.00,42.70,42.70),(810,1,7009741,3,104.90,0.00,34.38,34.38),(811,1,475197,1,123.05,0.00,67.83,67.83),(812,1,1093667,1,108.92,0.00,49.12,49.12),(813,1,1779424,3,129.42,0.00,78.12,78.12),(814,1,6664717,3,115.02,0.00,61.08,61.08),(815,1,1572965,3,109.10,0.00,58.45,58.45),(816,1,2253321,3,122.62,0.00,74.35,74.35),(817,1,14449664,3,110.46,0.00,49.32,49.32),(818,1,13945425,3,109.75,0.00,48.33,48.33),(819,1,3045140,3,110.07,0.00,50.31,50.31),(820,1,219063,1,105.38,0.00,44.22,44.22),(821,1,662584,1,112.18,0.00,47.52,47.52),(822,1,25994084,1,114.76,0.00,60.21,60.21),(823,1,23932894,3,121.13,0.00,75.42,75.42),(824,1,235769,3,108.30,0.00,42.61,42.61),(825,1,25919221,4,115.38,0.00,54.60,54.60),(826,1,1054401,1,118.20,0.00,55.85,55.85),(827,1,25835511,3,115.24,0.00,52.13,52.13),(828,1,2123521,3,126.25,0.00,75.81,75.81),(829,1,3131352,4,100.00,0.00,NULL,NULL),(830,1,178333,3,113.36,0.00,59.43,59.43),(831,1,18788250,3,115.96,0.00,62.62,62.62),(832,1,12990491,3,115.28,0.00,54.10,54.10),(833,1,3037634,1,113.72,0.00,41.30,41.30),(834,1,1528875,3,110.56,0.00,54.02,54.02),(835,1,41084,3,124.71,0.00,67.82,67.82),(836,1,25619695,3,118.87,0.00,66.12,66.12),(837,1,26371216,3,98.75,0.00,39.02,39.02),(838,1,11478605,3,103.63,0.00,41.03,41.03),(839,1,757956,1,108.75,0.00,44.41,44.41),(840,1,3558237,3,120.71,0.00,65.35,65.35),(841,1,204740,3,125.64,0.00,70.41,70.41),(842,1,7984892,3,105.67,0.00,46.21,46.21),(843,1,9031004,3,117.20,0.00,68.25,68.25),(844,1,6126264,3,123.70,0.00,59.61,59.61);
/*!40000 ALTER TABLE `rounds` ENABLE KEYS */;
UNLOCK TABLES;

--
-- Table structure for table `schemes`
--

DROP TABLE IF EXISTS `schemes`;
/*!40101 SET @saved_cs_client     = @@character_set_client */;
/*!50503 SET character_set_client = utf8mb4 */;
CREATE TABLE `schemes` (
  `id` int NOT NULL AUTO_INCREMENT,
  `id_cartola` int NOT NULL,
  `name` varchar(45) NOT NULL,
  PRIMARY KEY (`id`),
  UNIQUE KEY `id_cartola_UNIQUE` (`id_cartola`)
) ENGINE=InnoDB AUTO_INCREMENT=8 DEFAULT CHARSET=utf8mb4 COLLATE=utf8mb4_0900_ai_ci;
/*!40101 SET character_set_client = @saved_cs_client */;

--
-- Dumping data for table `schemes`
--

LOCK TABLES `schemes` WRITE;
/*!40000 ALTER TABLE `schemes` DISABLE KEYS */;
INSERT INTO `schemes` VALUES (1,1,'3-4-3'),(2,2,'3-5-2'),(3,3,'4-3-3'),(4,4,'4-4-2'),(5,5,'4-5-1'),(6,6,'5-3-2'),(7,7,'5-4-1');
/*!40000 ALTER TABLE `schemes` ENABLE KEYS */;
UNLOCK TABLES;
/*!40103 SET TIME_ZONE=@OLD_TIME_ZONE */;

/*!40101 SET SQL_MODE=@OLD_SQL_MODE */;
/*!40014 SET FOREIGN_KEY_CHECKS=@OLD_FOREIGN_KEY_CHECKS */;
/*!40014 SET UNIQUE_CHECKS=@OLD_UNIQUE_CHECKS */;
/*!40101 SET CHARACTER_SET_CLIENT=@OLD_CHARACTER_SET_CLIENT */;
/*!40101 SET CHARACTER_SET_RESULTS=@OLD_CHARACTER_SET_RESULTS */;
/*!40101 SET COLLATION_CONNECTION=@OLD_COLLATION_CONNECTION */;
/*!40111 SET SQL_NOTES=@OLD_SQL_NOTES */;

-- Dump completed on 2020-11-17 20:01:20
